product_id,category,product_name,price
815299a3,price,mind,566
14e30c12,reach,however,788
55bce03c,happy,politics,288
80f2535c,upon,message,15
1cd898aa,career,begin,96
be48aed5,yeah,spring,885
e53b60b7,discussion,people,321
71629c78,general,fire,257
79ee9a17,thousand,once,747
940af20e,anyone,fill,878
a1e24736,operation,follow,328
fee87227,man,fall,227
9de04043,fine,color,453
2052a8ac,some,old,709
60ffa33e,factor,today,637
5c107c70,add,explain,151
91f381dd,all,help,507
a4ecb390,see,they,659
aafd1c6d,include,son,981
b7d4206c,ago,peace,548
498e21f3,role,officer,960
6fc3e3dd,book,month,379
6cc3a3e1,administration,business,927
d9b04d44,law,mean,110
1b4ebd39,never,fly,964
4eb6c615,street,focus,163
5628d23d,factor,time,197
646800f4,thousand,executive,448
013e2798,exactly,perhaps,190
f6e5119b,certain,national,306
32deff4b,partner,nearly,523
2d4432c4,here,father,481
78e47afa,officer,spring,350
20949443,benefit,among,101
60a661cc,during,morning,451
fe915e1c,lose,father,578
a7e85ab6,where,animal,71
e20159be,eat,require,23
1dd0f413,unit,third,304
9492e5ec,history,skill,152
6acdff23,whether,defense,187
f5ac15c8,well,another,311
03f31357,view,box,332
f1d6b78b,central,but,690
d98cb27c,reflect,go,997
aa551d79,any,my,585
18cc565a,different,hotel,573
821771c7,base,who,670
58e95b2a,attention,economic,378
94aff707,close,thus,515
f4957f16,administration,wear,502
e40c04f7,industry,notice,537
79a59ca2,Democrat,firm,737
d59c22fb,everything,walk,118
63f8ebb3,task,cover,954
45cf7c71,too,nation,971
277814af,others,factor,260
12f1b38f,his,look,455
ded91311,guy,style,625
2fb9fd02,decision,open,125
97c914e4,represent,quality,101
13de6919,accept,able,682
393281c0,step,alone,267
4b5017db,Mrs,PM,650
5350ad3a,face,both,173
51491d95,suffer,successful,867
b7e1c24b,least,ground,105
59bdecde,in,hotel,373
72f5cc69,course,so,680
eda37c13,of,standard,594
29c8c74d,green,least,28
4470ead0,begin,day,848
bcc71e4b,onto,catch,279
7b3e7e0a,central,president,907
8c6f87df,sea,pick,93
926dd568,system,hear,535
85db0a85,challenge,however,378
0100f11e,build,consider,585
5c08f5ee,group,six,528
9a1329ae,ago,its,578
b8abe2a2,someone,week,987
5284a548,alone,certain,893
3207e283,during,us,97
bf310677,laugh,generation,755
31fd6114,up,blue,427
6b75485b,shake,letter,491
b406490a,work,Democrat,612
4d5f87f7,until,rest,961
e83424cf,right,buy,831
364793b3,will,wrong,964
80a5a0ac,whose,contain,649
850e5990,he,even,553
513ab408,risk,magazine,831
60111ccd,me,buy,131
0d6d433c,thing,treatment,32
524b8452,throw,agency,1007
f04e48e5,site,pull,378
da78dc2c,off,treat,591
3f7db239,consider,modern,240
5bb91980,few,since,648
306f6de2,piece,compare,310
dc9ae729,name,raise,665
49fe2105,red,degree,575
f773e902,job,hold,878
eb956c33,list,natural,836
0dbb84da,research,project,107
66f73707,sign,development,578
e4560ddc,join,draw,452
cd269946,sign,provide,81
37fb030d,family,decade,647
473f9208,want,some,594
32085d95,along,difference,467
438d8e24,turn,true,42
cb71d6cd,determine,new,906
5f6ba14d,quality,later,971
a19dc47b,sense,on,170
8405db4c,church,form,738
a2115da4,must,blood,644
656b0a37,yeah,far,247
5bbf6056,see,wide,591
bd738642,gun,citizen,163
6ea5cc3b,recently,bed,772
9dcbc90b,into,follow,789
4d1406b6,reflect,imagine,318
e608cb92,approach,south,351
be89dd0c,return,mother,624
a5082db0,reality,choice,320
6226b8ff,best,pattern,809
d803d037,town,thing,496
86844e06,bar,final,868
268b4013,drive,life,579
8e9ff289,today,but,633
32fc845f,blue,visit,381
940663eb,executive,put,735
7388c432,majority,explain,907
db443c9f,hundred,as,167
49782ede,fund,so,892
96909251,upon,story,993
1c75fda8,billion,plan,509
6a298ca2,attack,wide,498
159133eb,soon,me,181
f1358ba2,mother,leave,410
73ceb18f,director,that,662
07c0d508,security,want,1000
f5332d85,forward,serious,480
e615103e,treatment,small,162
05bf7f86,necessary,weight,22
b8dfc7b7,join,executive,584
d56afd3f,coach,moment,848
00fabedb,management,material,424
89822822,eat,so,975
6453c508,lawyer,south,596
59f709d6,doctor,music,1002
2fed23a1,everybody,nothing,795
7c7c9b61,yes,expect,393
44529d36,space,about,636
071c7dad,evening,style,898
dc93a3cf,seek,green,755
99d5ed8d,age,condition,427
daa428ec,material,sell,378
abbb8c61,system,interesting,83
cb09ce5d,investment,spring,11
2c66c761,fish,check,639
28bd15a8,law,bit,723
8b94d1c1,south,unit,615
8cc7826a,father,law,500
443f4756,international,two,814
a4565b4b,together,party,905
de89f05f,start,civil,259
f36465db,water,network,578
1741421f,general,nearly,699
99bd4620,military,detail,509
6093f185,tonight,off,495
8914b9bc,analysis,Mr,48
bd9aa98e,world,other,386
aefa8ac8,citizen,buy,950
7826ff74,new,finally,405
97ad420c,listen,yes,679
100efe58,quickly,mission,969
bc22e58d,there,worker,445
95fb31c6,center,side,933
09e236a0,statement,nothing,967
5bd01175,nor,sound,23
7cc1f4da,his,name,321
bfd21e2f,despite,different,836
b2ee7421,unit,among,58
62dafe91,half,us,31
4cebfedd,door,any,92
baf01020,modern,move,886
86bbda8a,answer,charge,15
41a4a3ac,argue,national,195
2b11986c,both,box,748
5ab37e44,hope,take,720
afdb4e10,prepare,couple,518
3b13d0c6,common,physical,361
ba816e64,mind,seat,316
7e55ea8a,raise,yeah,210
f1bc45bc,worry,enter,80
8a084d9f,raise,issue,604
52974d8e,man,arm,928
47fa8f6d,to,whom,463
985bb1ce,lead,brother,713
cea100f1,pull,whole,786
06c5b623,security,floor,533
1efbdbae,offer,staff,747
a2a5122d,benefit,establish,275
adac70a1,agreement,garden,855
1476d0f8,million,side,939
34d1be80,true,statement,276
a9ebe288,near,probably,237
62964865,performance,stop,364
aa7088b9,your,kid,874
12076386,I,rule,343
4b114d3f,need,toward,722
6374caa5,visit,through,969
149415a4,never,thing,284
09362fb6,especially,fall,132
9b7c1b9a,case,teacher,208
30648379,let,position,999
14419936,could,company,866
d8a5d83a,again,college,748
1d2f5a1b,participant,above,56
6a62b37f,stuff,series,188
b32e8426,son,treatment,615
f85f6a81,focus,alone,905
f065dcb6,people,a,711
7f38277d,unit,technology,503
109a15a3,election,safe,638
ad290401,fear,tree,585
6fcbea8e,Democrat,east,397
90525b09,lay,quality,211
bf28cfd5,third,throw,434
0591e008,land,such,421
acc25cd7,alone,group,92
2b37b4c4,former,consider,561
93257f55,wide,right,153
93c227e0,reason,oil,536
1f35b367,strong,or,402
178f9e4d,protect,age,450
d1f5607c,common,not,945
402ed1f1,foreign,relate,197
22a8d14f,early,center,340
da2ab0d7,let,pay,348
e8387365,hear,music,1004
7418a3e4,east,issue,143
09a82be5,wall,plan,605
8c24198f,human,occur,871
9d380dd0,far,through,206
a3647d9d,all,attorney,630
17b9d525,simple,old,383
3cea4782,serious,million,133
4f0696f9,voice,watch,779
434e75d7,Congress,house,278
c63a083e,help,simply,238
30560ef1,bad,serious,926
f4932634,candidate,example,326
ff22bd4c,station,measure,889
11f21bcc,none,drive,796
eae0617c,possible,model,379
b58fc0b3,month,pay,946
6f3ca7cf,claim,relate,184
02271c2d,simply,concern,845
4839e53d,yeah,spring,106
8db785b2,wall,hard,432
61e04205,guy,try,503
8b973099,lawyer,coach,472
87bddfc5,happy,hand,912
85a26d2f,choose,culture,647
d72139da,technology,way,330
6837f54a,wait,agreement,945
a3e9cd74,arrive,eat,33
7ee4a21c,significant,happy,895
0c7bdb37,name,open,1006
90ac59da,billion,improve,183
f0e3cf6e,choice,game,744
b4f85306,share,even,495
511bef25,size,trial,770
6c9d835a,sing,understand,226
cd7b8636,analysis,surface,875
5ffda1d4,send,middle,334
eff71c41,ball,among,480
eb7cdbfd,until,full,107
5d9a5e46,so,it,244
3215e197,hope,go,694
bcfbd5fb,fact,light,545
e8e9116c,sign,can,262
cd76a098,strategy,require,311
f5173433,fine,outside,340
db0340de,article,must,179
4b01215d,mission,return,937
4c785028,talk,science,990
6746637f,she,quickly,79
46b8a0bc,herself,in,769
803ee115,would,couple,128
36f4313a,color,act,499
d226881c,night,method,176
df4dfc9e,card,real,738
57a186c9,more,issue,826
38d58607,training,month,334
d54722a7,miss,campaign,868
618cab7c,affect,end,873
25062611,current,themselves,195
a2861a22,order,quickly,114
a97a50b1,start,store,253
36fde414,final,rich,353
c3e08909,skin,always,292
df60b1c3,sound,scene,249
6b3a002a,worker,write,724
91112ace,professional,left,660
5a51f4e1,service,across,290
3f2823aa,argue,value,248
f8f5657a,meeting,idea,922
a3fee6d0,specific,first,886
14e3f1a8,sport,father,714
993339de,face,visit,864
ed31798f,else,better,987
08b71806,would,else,705
06a41f5e,opportunity,old,381
dd7e41f9,after,discuss,311
c35daff1,quality,policy,220
40acc08c,data,sort,748
8c66e2be,ever,something,155
72ec217c,down,social,227
6baf4fac,in,their,946
ba490633,store,suggest,346
0565d7cb,same,assume,504
c617a8ba,go,east,635
cd52553a,physical,work,315
d6aa915c,table,rate,827
ce2c5531,opportunity,financial,685
1f845e2b,strategy,start,845
86a5e8d3,end,drug,739
2ad0b136,stock,everybody,589
f8fe2d58,report,life,945
852f49e6,worker,letter,25
0b97561a,father,go,295
b4bb5444,personal,speak,84
2a42b09a,stuff,likely,850
92aae98f,for,whatever,212
8c071a45,manage,fast,577
801db08a,bag,fall,615
61e2aa85,structure,sure,119
d8306d9e,rule,environmental,158
d9f80ae7,record,reality,214
70e33fbe,character,whole,131
0445b61c,make,different,637
16b8e3e9,positive,trip,562
1c7012ed,expert,hotel,499
375cc0d9,mother,our,949
29109c78,administration,my,71
fca68907,body,agency,471
7a40c2c6,grow,ten,364
2b74b455,expect,what,994
0827e9c8,sometimes,maintain,512
552ac5ca,recent,character,159
3dc35fcd,argue,action,230
6cef35c8,relate,responsibility,131
18102c65,kind,anyone,341
27639428,property,professional,702
e628d349,bill,owner,85
1b3dad1f,know,thing,536
6af92bf6,tree,reduce,600
3a89baec,local,onto,883
8d351b3e,tough,soon,505
595e07d8,guess,street,373
6c160a1b,order,down,100
289b3982,this,then,424
57b489c2,candidate,able,936
93228b52,yourself,white,577
d36ddb0b,year,majority,36
34a7ee48,author,bad,337
d2a8b4fb,since,pay,964
04d9e0b2,with,benefit,624
972f43ee,particularly,population,184
69d80e16,tough,including,423
5480332b,off,bill,788
bc999e2d,American,rest,538
0c858e42,garden,light,149
1072acbd,movie,close,299
7dbff3d3,feel,color,464
331c7db8,region,represent,901
9ba62fd2,dream,in,993
c5895a07,administration,rule,489
936a59fa,film,strong,541
01d8e59c,test,black,479
42ad9121,amount,remain,94
a4d0d9d9,statement,hit,713
08143e5d,policy,family,54
e1085c22,range,claim,437
d842fa73,outside,represent,525
4b3bba26,always,significant,374
56887610,investment,tough,336
842f30ac,need,mean,784
5d4ef5f1,source,ten,598
8de55d1e,music,low,490
9b736f7f,else,yes,601
9593785f,item,class,865
25d6a6f7,place,how,413
e283bad8,family,century,98
9141cd1a,rest,individual,774
63eb7f9b,item,assume,407
0443281a,stop,system,514
bbd4b714,bar,born,931
f67e1763,ok,present,733
c023cf94,poor,detail,519
f0b8b13c,officer,national,878
14be7687,film,visit,100
8ca63215,measure,have,951
5470d96e,southern,space,792
eb54126a,hot,resource,820
d5e33b03,there,light,298
4ef29beb,everyone,energy,829
55449dda,me,party,908
92f254c1,could,couple,414
326c202f,indeed,also,566
ab5fbf53,value,debate,104
805bbd8e,laugh,form,799
808f9f8f,benefit,hand,871
3a47820a,performance,note,716
e66d67b1,continue,cover,832
981580bc,movie,surface,517
afbb8e60,necessary,land,874
8b4fb55f,question,table,575
51298004,beautiful,name,257
e5a4c9c8,social,reduce,489
d8cb3ff4,ever,everybody,176
c32f8a70,also,field,99
bf363523,course,able,903
39ddee19,ever,produce,83
75e64354,she,right,331
970bb012,available,job,309
3379cc4f,consider,account,921
04f2a029,late,agree,533
79e61cfd,catch,popular,626
9515006d,fact,on,145
98778cc6,heart,serious,341
e86f50a0,group,off,941
14d862cd,blood,defense,780
45934b4d,performance,director,156
dcee3baa,these,movement,360
e9f83dc0,mention,to,346
2bf2305c,either,trade,707
0fd5e1a2,want,indeed,141
09fb3cb9,land,time,95
c2e8520b,mean,right,447
b035acac,lawyer,board,1008
517dd213,above,skill,739
bf6b9d15,money,receive,301
11c80a7f,break,statement,435
98abf48a,account,vote,761
f6ac90a2,per,else,748
30921a4a,hit,wrong,481
25352719,effort,technology,852
f07123ff,say,a,474
14b96907,similar,social,263
7f636260,oil,simply,860
63365777,upon,outside,36
453767c2,quickly,what,57
57a2e629,trip,address,139
11357cab,statement,high,871
3c8a7ec8,myself,mother,135
f257829e,like,quickly,119
ca7dcb56,manager,work,212
d53d5f9d,attention,section,196
93af1a71,investment,national,607
7528c818,candidate,station,717
4577b0bc,but,girl,378
47352e04,rather,bit,575
1af7820c,her,show,841
ca746b4d,husband,style,148
6d3e4843,itself,officer,902
0724d7be,available,unit,314
77d8d1e6,weight,modern,373
e7029eb8,skill,necessary,70
ed786c79,move,watch,638
aa44e5b4,country,do,518
4bdcd9da,free,garden,926
d388746c,say,the,649
b5e22f55,throughout,see,699
32fc82c3,cost,serious,701
e91cac65,almost,yourself,84
0e8138a0,medical,few,262
d5ce40ee,candidate,son,241
b68a7875,by,speak,317
d5b0a690,pretty,owner,103
f3283ccf,president,voice,625
b8259cd5,according,nation,680
63d8f876,energy,professional,537
0707ace7,operation,enough,299
83c3ece4,college,image,384
ee960463,their,away,579
b933268d,analysis,break,816
efc11c6f,what,clearly,812
4549d820,beautiful,rest,495
a0642120,left,much,615
9dc4a8cc,personal,increase,357
19026aa3,reason,age,733
b343de21,news,fire,1001
b255ad7d,particularly,add,574
b4f5b027,deep,national,771
